{
    "camera_index": 0,
    "resolution_string": "1280x720 (16:9)",
    "left_control_box": {
        "x": 0.07793764988009592,
        "y": 0.09952038369304557,
        "w": 0.39928057553956836,
        "h": 0.8477218225419664
    },
    "right_control_box": {
        "x": 0.555688622754491,
        "y": 0.14491017964071856,
        "w": 0.3652694610778443,
        "h": 0.7760479041916167
    }
}